reservationName,reservationLastName,reservationEmail,reservationTime,reservationId
Blabla1,Andrej11,bla@bka.com,"Januar 1",0
Andrej3,fsdfsdf,fsdfsdf@fsdff,13,1
blabla,andrej,kasndlk@dasmniosdn.com,"Januar 30",2
fafafaf,Andrew,dasnkfjo@fjnsdf.com,"Januar 31",3
Andrija,Mihajlo,kasldj@dmaso.com,"Februar 14",4
andy,mal,sajdk@djasnd.com,"Decembar 31",5
test,andy,Andklrjejkdfsnkf@diasb.com,jkdabhdk,6
Andy,Kjklcfjsd,cjnkn@xuiasn.com,"januar 2",7
Test,Andres,asassa@f.com,"Decembar 30",8
andrej10,Nova,baskdb@iodasj.com,"Decembar 31",9
Blabla,Andrej11,bla@bka.com,"Januar 1",10
sadasd,dsadasd,dasnkfjo@fjnsdf.com,gdf,11
